{"cameraMode":{"drawMode":0,"name":"Shaded","section":"Shading Mode"},"sceneLighting":true,"audioPlay":false,"sceneViewState":{"showFog":true,"showMaterialUpdate":false,"showSkybox":true,"showFlares":true,"showImageEffects":true,"showParticleSystems":true},"in2DMode":false,"pivot":{"x":46.988365173339847,"y":-0.9966697692871094,"z":48.4470329284668},"rotation":{"x":-0.1378033459186554,"y":-0.030602484941482545,"z":0.0042600249871611599,"w":-0.9899781942367554},"size":10.0,"orthographic":false}